13501,Rabia,13503-9865279-6,0345-6394101,BOR.House#14.Johar Town.Lahore,Negative,Yes,Emergency,Female,20,20/12/26
13502,Aziz,13503-8218283-5,0345-6394102,BOR.House#15.Johar Town.Lahore,Positive,No,OPD,Female,43,20/12/26
13503,Faraz,13503-8847469-7,0345-6394103,BOR.House#16.Johar Town.Lahore,Positive,Yes,Emergency,Female,56,20/12/26
13504,Rania,13503-5432423-9,0345-6394104,BOR.House#17.Johar Town.Lahore,Negative,No,OPD,Male,33,20/12/26
13505,Faisal,20436-3725467-6,0345-6394105,KAN.House#18.Shahdra bagh.Lahore,Positive,Yes,Emergency,Female,33,20/12/26
13506,Zain,20436-1513245-3,0345-6394106,KAN.House#19.Shahdra bagh.Lahore,Positive,No,OPD,Male,80,20/12/26
13507,Manzoor,20436-7463422-2,0345-6394107,KAN.House#20.Shahdra bagh.Lahore,Positive,Yes,Emergency,Female,45,20/12/26
13508,Wajiha,20436-1111773-9,0345-6394108,KAN.House#21.Shahdra bagh.Lahore,Negative,No,OPD,Male,67,20/12/26
13509,Adeel,20436-1243647-4,0345-6394109,KAN.House#22.Shahdra bagh.Lahore,Negative,Yes,Emergency,Male,68,20/12/26
13510,Anees,78966-3546579-4,0345-6394110,AFSAR.House#23.gulberg.Lahore,Positive,Yes,Emergency,Male,20,20/12/26
13511,Mahwish,78966-7453423-9,0345-6394111,AFSAR.House#24.gulberg.Lahore,Negative,Yes,Emergency,Male,43,20/12/26
13512,Shahan,78966-2635465-9,0345-6394112,AFSAR.House#25.gulberg.Lahore,Negative,Yes,Emergency,Male,43,20/12/26
13513,Aliza,12345-9876547-4,0345-6394113,JAMAL.House#26.Samanabad.Lahore,Negative,Yes,Emergency,Male,34,20/12/26
13514,Alishba,12345-9876542-2,0345-6394114,JAMAL.House#27.Samanabad.Lahore,Negative,Yes,Emergency,Female,56,20/12/26
13515,Jamal,12345-1234567-1,0345-6394115,JAMAL.House#28.Samanabad.Lahore,Negative,No,OPD,Female,56,20/12/26
13516,Aneeka,12345-9127464-6,0345-6394116,JAMAL.House#29.Samanabad.Lahore,Negative,No,OPD,Female,45,20/12/26
13517,Maha,19283-9863547-3,0345-6394117,KAMAL.House#204.Iqbal Town.Lahore,Positive,Yes,Emergency,Female,20,20/12/26
13518,Maham,19283-5373625-4,0345-6394118,KAMAL.House#30.Iqbal Town.Lahore,Positive,No,OPD,Male,54,20/12/26
13519,Laraib,19283-8732526-5,0345-6394119,KAMAL.House#31.Iqbal Town.Lahore,Positive,Yes,Emergency,Male,12,20/12/26
13520,Nabeel,19283-9815373-6,0345-6394120,KAMAL.House#32.Iqbal Town.Lahore,Negative,Yes,Emergency,Female,4,20/12/26
13521,Raheel,19283-1238475-9,0345-6394121,KAMAL.House#33.Iqbal Town.Lahore,Negative,No,OPD,Female,54,20/12/26
13522,Ruhia ,75643-0987635-0,0345-6394122,ASIF.House#34.Cantonment.Lahore,Negative,No,OPD,Male,20,20/12/26
13523,Farhan,75643-8766265-9,0345-6394123,ASIF.House#35.Cantonment.Lahore,Negative,No,OPD,Female,23,20/12/26
13524,Anwar,75643-1267345-0,0345-6394124,ASIF.House#36.Cantonment.Lahore,Positive,No,OPD,Male,33,20/12/26
13525,Amjad,75643-1234345-1,0345-6394125,ASIF.House#37.Cantonment.Lahore,Negative,No,OPD,Male,20,20/12/26
13526,Saleem,99998-9363562-0,0345-6394126,SANUM.House#38.Muslimabad.Lahore,Positive,No,OPD,Female,66,20/12/26
13527,Jawad,99998-9363434-3,0345-6394127,SANUM.House#e39.Muslimabad.Lahore,Positive,No,OPD,Male,43,20/12/26
13528,Afnan,99998-2648585-9,0345-6394128,SANUM.House#40.Muslimabad.Lahore,Positive,Yes,Emergency,Male,4,20/12/26
13529,Afsana,99998-2812786-0,0345-6394129,SANUM.House#41.Muslimabad.Lahore,Positive,No,OPD,Female,33,20/12/26
13530,Aftab,54674-2733536-6,0345-6394130,ANWAR.House#116.Anarkali.Lahore,Negative,No,OPD,Male,43,20/12/26
13531,Ahmed,54674-2734546-5,0345-6394200,ANWAR.House#42.Anarkali.Lahore,Negative,Yes,Emergency,Male,43,20/12/26
13532,Aimen,54674-0978236-4,0345-6394300,ANWAR.House#43.Anarkali.Lahore,Negative,No,OPD,Male,33,20/12/26
13533,Akash,54674-0901982-0,0345-6394400,ANWAR.House#44.Anarkali.Lahore,Negative,Yes,Emergency,Female,33,20/12/26
13534,Areeba,54674-0917363-3,0345-6394500,ANWAR.House#45.Anarkali.Lahore,Negative,Yes,Emergency,Male,45,20/12/26
13535,Ali ,54674-9712673-6,0345-6394600,ANWAR.House#46.Anarkali.Lahore,Positive,Yes,Emergency,Female,55,20/12/26
13536,Ayub,54674-9723635-2,0345-6394700,ANWAR.House#47.Anarkali.Lahore,Negative,No,OPD,Male,32,20/12/26
13537,Amir,44554-0238927-1,0345-6394800,FARAZ.House#48.Ichhra.Lahore,Positive,No,OPD,Male,20,20/12/26
13538,Amad,44554-2826364-0,0345-6394900,FARAZ.House#49.Ichhra.Lahore,Negative,No,OPD,Male,23,20/12/26
13539,Amsar,44554-1828923-1,0345-6391100,FARAZ.House#50.Ichhra.Lahore,Positive,No,OPD,Male,45,20/12/26
13540,Farhang,44554-0912892-0,0345-6392100,FARAZ.House#51.Ichhra.Lahore,Positive,No,OPD,Male,83,20/12/26
13541,Kamran,44554-0008883-3,0345-6393100,FARAZ.House#52.Ichhra.Lahore,Negative,Yes,Emergency,Male,44,20/12/26
13542,Aneeq,33242-0239283-2,0335-6394100,AZIZ.House#53.Awan Town.Lahore,Positive,No,OPD,Female,45,20/12/26
13543,Aqib,33242-0298972-1,0325-6394100,AZIZ.House#54.Awan Town.Lahore,Negative,Yes,Emergency,Female,20,20/12/26
13544,Aqleema,33242-0023273-3,0145-6396100,AZIZ.House#55.Awan Town.Lahore,Negative,No,OPD,Male,20,20/12/26
13545,Areej,33242-9297387-6,0343-6397100,AZIZ.House#56.Awan Town.Lahore,Positive,Yes,Emergency,Female,20,20/12/26
13546,Arham,33242-0192827-9,0345-6398100,AZIZ.House#57.Awan Town.Lahore,Negative,No,OPD,Male,20,20/12/26
13547,Araf,33242-1933838-3,0345-6399100,AZIZ.House#58.Awan Town.Lahore,Positive,Yes,Emergency,Male,57,20/12/26
13548,Armaghan,33242-1384784-1,0345-6194100,AZIZ.House#59.Awan Town.Lahore,Negative,No,OPD,Male,21,20/12/26
13549,Haris,95954-9308474-0,0345-6294100,AZAN.House#60.Model Town.Lahore,Negative,Yes,Emergency,Male,60,20/12/26
13550,Abeer,95954-2266373-7,0345-6394100,AZAN.House#61.Model Town.Lahore,Negative,Yes,Emergency,Female,60,20/12/26
13551,Ahsan,95954-2927175-1,0345-6494100,AZAN.House#62.Model Town.Lahore,Negative,Yes,Emergency,Female,56,20/12/26
13552,Amina,95954-0120181-1,0345-6594100,AZAN.House#63.Model Town.Lahore,Positive,Yes,Emergency,Male,56,20/12/26
13553,Naveed,95954-0022949-1,0345-6694100,AZAN.House#63.Model Town.Lahore,Positive,No,OPD,Female,21,20/12/26
13554,Annie,25234-1717171-1,0345-6794100,JALAL.House#64.New Super Town.Lahore,Positive,No,OPD,Male,27,20/12/26
13555,Aryan,25234-0019827-3,0345-6894100,JALAL.House#845.New Super Town.Lahoere,Negative,No,OPD,Female,22,20/12/26
13556,Aymen,25234-0917262-5,0345-6994100,JALAL.House#65.New Super Town.Lahore,Positive,No,OPD,Male,21,20/12/26
13557,Bakhtawar,25234-9988774-3,0340-6394100,JALAL.House#66.New Super Town.Lahore,Negative,No,OPD,Male,33,20/12/26
13558,Taiba,25234-0099887-7,0341-6394100,JALAL.House#67.New Super Town.Lahore,Positive,Yes,Emergency,Female,45,20/12/26
13559,Sara,25234-9922773-4,0342-6394100,JALAL.House#68.New Super Town.Lahore,Positive,No,OPD,Male,32,20/12/26
13560,Sundus,77777-6655327-2,0343-6394100,Bijnori.House#335.Bhatti Gate.Lahore,Negative,No,OPD,Male,33,20/12/26
13561,Faiza,77777-2827622-2,0344-6394100,Bijnori.House#69.Bhatti Gate.Lahore,Negative,Yes,Emergency,Female,20,20/12/26
13562,Hafza,77777-2982718-6,0345-6394100,Bijnori.House#70.Bhatti Gate.Lahore,Positive,Yes,Emergency,Male,12,20/12/26
13563,Momina,77777-2211721-9,0346-6394100,Bijnori.House#71.Bhatti Gate.Lahore,Positive,No,OPD,Female,8,20/12/26
13564,Hajira,77777-2272542-5,0347-6394100,Bijnori.House#72.Bhatti Gate.Lahore,Positive,No,OPD,Male,38,20/12/26
13565,Haram,56784-3823762-5,0348-6394100,JOHN.House#73.Defense.Lahore,Negative,No,OPD,Male,20,20/12/26
13566,Hijab,56784-1281652-4,0349-6394100,JOHN.House#81.Defense.Lahore,Negative,No,OPD,Male,36,20/12/26
13567,Kashaf,56784-1273975-3,0310-6394100,JOHN.House#82.Defense.Lahore,Negative,No,OPD,Male,35,20/12/26
13568,Kiran,56784-8293726-2,0311-6394100,JOHN.House#83.Defense.Lahore,Negative,No,OPD,Female,34,20/12/26
13569,Mahneen,56784-1229774-4,0312-6394100,JOHN.House#84.Defense.Lahore,Negative,No,OPD,Female,21,23/14/6
13570,Ansar Javiad,56784-8293726-2,0311-6394100,Johar Town Lahore,Positive,Yes,Emergency,Male,12,2/12/2
13571,Sidra,56784-8293726-2,0312-6394100,Changa Manga,Positive,Yes,OPD,Female,22,20/2/26
13572,Rabbaniyeh,35101-9279773-5,0340-6449189,KpK. COMSATS Abbouttabad,Negative,Yes,OPD,Female,21,20/12/26